{
  "task_name": "depression",
  "base_model": "weights/PAT-S_29k_weights.h5",
  "metrics": {
    "accuracy": 0.49,
    "precision": 0.5039370078740157,
    "recall": 0.6213592233009708,
    "f1": 0.5565217391304348,
    "sensitivity": 0.6213592233009708,
    "specificity": 0.35051546391752575,
    "auc": 0.47682914623160844,
    "final_loss": 0.6937879323959351,
    "final_accuracy": 0.49000000953674316,
    "epochs_completed": 2.0
  },
  "output_dim": 2
}