{
  "task_name": "depression",
  "base_model": "weights/PAT-S_29k_weights.h5",
  "metrics": {
    "accuracy": 0.505,
    "precision": 0.5196078431372549,
    "recall": 0.5145631067961165,
    "f1": 0.5170731707317073,
    "sensitivity": 0.5145631067961165,
    "specificity": 0.4948453608247423,
    "auc": 0.5177659893904514,
    "final_loss": 0.6927685737609863,
    "final_accuracy": 0.5049999952316284,
    "epochs_completed": 2.0
  },
  "output_dim": 2
}