{
  "task_name": "depression",
  "base_model": "weights/PAT-S_29k_weights.h5",
  "metrics": {
    "accuracy": 0.475,
    "precision": 0.4852941176470588,
    "recall": 0.32038834951456313,
    "f1": 0.38596491228070173,
    "sensitivity": 0.32038834951456313,
    "specificity": 0.6391752577319587,
    "auc": 0.4542087879091182,
    "final_loss": 0.6942506432533264,
    "final_accuracy": 0.4749999940395355,
    "epochs_completed": 2.0
  },
  "output_dim": 2
}