{
  "task_name": "depression",
  "base_model": "weights/PAT-S_29k_weights.h5",
  "metrics": {
    "accuracy": 0.52,
    "precision": 0.5257731958762887,
    "recall": 0.504950495049505,
    "f1": 0.5151515151515151,
    "sensitivity": 0.504950495049505,
    "specificity": 0.5353535353535354,
    "auc": 0.5141514151415141,
    "final_loss": 0.6930165886878967,
    "final_accuracy": 0.5199999809265137,
    "epochs_completed": 2.0
  },
  "output_dim": 2
}